Employee #,Last Name,First Name,Birthday,Address,Phone Number,Status,Position,Immediate Supervisor
1,Garcia,Manuel III,10/11/1983,"Valero Carpark Building Valero Street 1227, Makati City",966-860-270,Regular,Chief Executive Officer,N/A
2,Lim,Antonio,06/19/1988,"San Antonio De Padua 2, Block 1 Lot 8 and 2, Dasmarinas, Cavite",171-867-411,Regular,Chief Operating Officer,"Garcia, Manuel III"
3,Aquino,Bianca Sofia,08/04/1989,"Rm. 402 4/F Jiao Building Timog Avenue Cor. Quezon Avenue 1100, Quezon City",966-889-370,Regular,Chief Finance Officer,"Garcia, Manuel III"
4,Reyes,Isabella,06/16/1994,"460 Solanda Street Intramuros 1000, Manila",786-868-477,Regular,Chief Marketing Officer,"Garcia, Manuel III"
5,Hernandez,Eduard,09/23/1989,"National Highway, Gingoog,  Misamis Occidental",088-861-012,Regular,IT Operations and Systems,"Lim, Antonio"
6,Villanueva,Andrea Mae,02/14/1988,"17/85 Stracke Via Suite 042, Poblacion, Las Piñas 4783 Dinagat Islands ",918-621-603,Regular,HR Manager,"Lim, Antonio"
7,San Jose,Brad ,03/15/1996,"99 Strosin Hills, Poblacion, Bislig 5340 Tawi-Tawi",797-009-261,Regular,HR Team Leader,"Villanueva, Andrea Mae"
8,Romualdez,Alice,05/14/1992,"12A/33 Upton Isle Apt. 420, Roxas City 1814 Surigao del Norte ",983-606-799,Regular,HR Rank and File,"San, Jose Brad"
9,Atienza,Rosie ,09/24/1948,"90A Dibbert Terrace Apt. 190, San Lorenzo 6056 Davao del Norte",266-036-427,Regular,HR Rank and File,"San, Jose Brad"
10,Alvaro,Roderick,03/30/1988,"#284 T. Morato corner, Scout Rallos Street, Quezon City",053-381-386,Regular,Accounting Head,"Aquino, Bianca Sofia "
11,Salcedo,Anthony,09/14/1993,"93/54 Shanahan Alley Apt. 183, Santo Tomas 1572 Masbate",070-766-300,Regular,Payroll Manager,"Alvaro, Roderick"
12,Lopez,Josie ,01/14/1987,"49 Springs Apt. 266, Poblacion, Taguig 3200 Occidental Mindoro",478-355-427,Regular,Payroll Team Leader,"Salcedo, Anthony"
13,Farala,Martha,01/11/1942,"42/25 Sawayn Stream, Ubay 1208 Zamboanga del Norte ",329-034-366,Regular,Payroll Rank and File,"Salcedo, Anthony"
14,Martinez,Leila,07/11/1970,"37/46 Kulas Roads, Maragondon 0962 Quirino ",877-110-749,Regular,Payroll Rank and File,"Salcedo, Anthony"
15,Romualdez,Fredrick ,03/10/1985,"22A/52 Lubowitz Meadows, Pililla 4895 Zambales",023-079-009,Regular,Account Manager,"Lim, Antonio"
16,Mata,Christian,10/21/1987,"90 O'Keefe Spur Apt. 379, Catigbian 2772 Sulu ",783-776-744,Regular,Account Team Leader,"Romualdez, Fredrick "
17,De Leon,Selena ,02/20/1975,"89A Armstrong Trace, Compostela 7874 Maguindanao",975-432-139,Regular,Account Team Leader,"Romualdez, Fredrick "
18,San Jose,Allison ,06/24/1986,"08 Grant Drive Suite 406, Poblacion, Iloilo City 9186 La Union",179-075-129,Regular,Account Rank and File,"Mata, Christian"
19,Rosario,Cydney ,10/06/1996,"93A/21 Berge Points, Tapaz 2180 Quezon",868-819-912,Regular,Account Rank and File,"Mata, Christian"
20,Bautista,Mark ,02/12/1991,"65 Murphy Center Suite 094, Poblacion, Palayan 5636 Quirino",683-725-348,Regular,Account Rank and File,"Mata, Christian"
21,Lazaro,Darlene ,11/25/1985,"47A/94 Larkin Plaza Apt. 179, Poblacion, Caloocan 2751 Quirino",740-721-558,Probationary,Account Rank and File,"Mata, Christian"
22,Delos Santos,Kolby ,02/26/1980,"06A Gulgowski Extensions, Bongabon 6085 Zamboanga del Sur",739-443-033,Probationary,Account Rank and File,"Mata, Christian"
23,Santos,Vella ,12/31/1983,"99A Padberg Spring, Poblacion, Mabalacat 3959 Lanao del Sur",955-879-269,Probationary,Account Rank and File,"Mata, Christian"
24,Del Rosario,Tomas,12/18/1978,"80A/48 Ledner Ridges, Poblacion, Kabankalan 8870 Marinduque",882-550-989,Probationary,Account Rank and File,"Mata, Christian"
25,Tolentino,Jacklyn ,05/19/1984,"96/48 Watsica Flats Suite 734, Poblacion, Malolos 1844 Ifugao",675-757-366,Probationary,Account Rank and File,"De Leon, Selena"
26,Gutierrez,Percival ,12/18/1970,"58A Wilderman Walks, Poblacion, Digos 5822 Davao del Sur",512-899-876,Probationary,Account Rank and File,"De Leon, Selena"
27,Manalaysay,Garfield ,08/28/1986,"60 Goyette Valley Suite 219, Poblacion, Tabuk 3159 Lanao del Sur",948-628-136,Probationary,Account Rank and File,"De Leon, Selena"
28,Villegas,Lizeth ,12/12/1981,"66/77 Mann Views, Luisiana 1263 Dinagat Islands",332-372-215,Probationary,Account Rank and File,"De Leon, Selena"
29,Ramos,Carol ,08/20/1978,"72/70 Stamm Spurs, Bustos 4550 Iloilo",250-700-389,Probationary,Account Rank and File,"De Leon, Selena"
30,Maceda,Emelia ,04/14/1973,"50A/83 Bahringer Oval Suite 145, Kiamba 7688 Nueva Ecija",973-358-041,Probationary,Account Rank and File,"De Leon, Selena"
31,Aguilar,Delia ,01/27/1989,"95 Cremin Junction, Surallah 2809 Cotabato",529-705-439,Probationary,Account Rank and File,"De Leon, Selena"
32,Castro,John Rafael,02/09/1992,"Hi-way, Yati, Liloan Cebu",332-424-955 ,Regular,Sales & Marketing,"Reyes, Isabella"
33,Martinez,Carlos Ian,11/16/1990,"Bulala, Camalaniugan",078-854-208,Regular,Supply Chain and Logistics,"Reyes, Isabella"
34,Santos,Beatriz,08/07/1990,"Agapita Building, Metro Manila",526-639-511,Regular,Customer Service and Relations,"Reyes, Isabella"